movie_id,title,genre,description
1,Infinite Journey 1,Drama,A drama movie about a ancient knight.
2,Crystal Empire 2,Thriller,A thriller movie about a hidden city.
3,Secret Machine 3,Crime,A crime movie about a crystal knight.
4,Neon Chronicle 4,Fantasy,A fantasy movie about a hidden chronicle.
5,Hidden River 5,Adventure,A adventure movie about a eternal planet.
6,Midnight Legacy 6,Sci-Fi,A sci-fi movie about a neon knight.
7,Shadow Rebellion 7,Mystery,A mystery movie about a hidden knight.
8,Midnight Journey 8,Action,A action movie about a hidden chronicle.
9,Midnight Frontier 9,Drama,A drama movie about a lost journey.
10,Burning Signal 10,Adventure,A adventure movie about a broken storm.
11,Last Planet 11,Drama,A drama movie about a midnight frontier.
12,Brave Dream 12,Family,A family movie about a furious world.
13,Ancient Planet 13,Action,A action movie about a electric city.
14,Frozen Garden 14,Comedy,A comedy movie about a shadow storm.
15,Eternal Legacy 15,Drama,A drama movie about a shadow code.
16,Furious Code 16,Fantasy,A fantasy movie about a shadow rebellion.
17,Infinite Legacy 17,Family,A family movie about a hidden dream.
18,Secret Code 18,Fantasy,A fantasy movie about a ancient galaxy.
19,Furious Rebellion 19,Crime,A crime movie about a golden planet.
20,Burning Garden 20,Action,A action movie about a ancient code.
21,Ancient Labyrinth 21,Romance,A romance movie about a eternal river.
22,Neon Galaxy 22,Romance,A romance movie about a furious knight.
23,Crystal Journey 23,Action,A action movie about a eternal frontier.
24,Burning City 24,Fantasy,A fantasy movie about a burning rebellion.
25,Secret Machine 25,Drama,A drama movie about a midnight garden.
26,Hidden Planet 26,Animation,A animation movie about a broken labyrinth.
27,Golden Rebellion 27,Drama,A drama movie about a infinite galaxy.
28,Brave Planet 28,Horror,A horror movie about a neon storm.
29,Furious Journey 29,Horror,A horror movie about a infinite code.
30,Lost Empire 30,Crime,A crime movie about a silent machine.
31,Shadow River 31,Drama,A drama movie about a electric river.
32,Silent Frontier 32,Horror,A horror movie about a crystal knight.
33,Burning Machine 33,Thriller,A thriller movie about a hidden storm.
34,Neon Rebellion 34,Crime,A crime movie about a dark garden.
35,Brave Frontier 35,Sci-Fi,A sci-fi movie about a dark city.
36,Midnight Machine 36,Thriller,A thriller movie about a infinite labyrinth.
37,Broken Machine 37,Fantasy,A fantasy movie about a silent signal.
38,Crystal Chronicle 38,Thriller,A thriller movie about a eternal knight.
39,Broken Dream 39,Romance,A romance movie about a last labyrinth.
40,Golden Empire 40,Comedy,A comedy movie about a brave labyrinth.
41,Electric Rebellion 41,Horror,A horror movie about a hidden world.
42,Last Dream 42,Mystery,A mystery movie about a burning dream.
43,Shadow Machine 43,Mystery,A mystery movie about a last legacy.
44,Crystal Planet 44,Romance,A romance movie about a neon labyrinth.
45,Lost World 45,Romance,A romance movie about a brave signal.
46,Eternal Galaxy 46,Mystery,A mystery movie about a last chronicle.
47,Brave Dream 47,Action,A action movie about a broken city.
48,Silent Storm 48,Romance,A romance movie about a silent garden.
49,Lost Code 49,Thriller,A thriller movie about a dark garden.
50,Furious Machine 50,Sci-Fi,A sci-fi movie about a crystal labyrinth.
51,Secret World 51,Fantasy,A fantasy movie about a infinite frontier.
52,Brave Journey 52,Action,A action movie about a burning dream.
53,Infinite Galaxy 53,Animation,A animation movie about a crystal planet.
54,Shadow Rebellion 54,Romance,A romance movie about a broken machine.
55,Burning Knight 55,Horror,A horror movie about a dark dream.
56,Last City 56,Adventure,A adventure movie about a infinite signal.
57,Golden Journey 57,Action,A action movie about a neon odyssey.
58,Lost Chronicle 58,Crime,A crime movie about a golden legacy.
59,Broken Knight 59,Adventure,A adventure movie about a infinite code.
60,Furious Dream 60,Action,A action movie about a furious empire.
61,Secret Garden 61,Animation,A animation movie about a burning dream.
62,Silent Storm 62,Adventure,A adventure movie about a neon frontier.
63,Brave Machine 63,Adventure,A adventure movie about a lost journey.
64,Silent Odyssey 64,Mystery,A mystery movie about a midnight chronicle.
65,Last Journey 65,Family,A family movie about a secret legacy.
66,Silent Planet 66,Thriller,A thriller movie about a golden knight.
67,Dark Empire 67,Animation,A animation movie about a crystal legacy.
68,Silent Garden 68,Sci-Fi,A sci-fi movie about a infinite legacy.
69,Crystal Labyrinth 69,Romance,A romance movie about a lost garden.
70,Frozen Frontier 70,Thriller,A thriller movie about a infinite chronicle.
71,Infinite Journey 71,Comedy,A comedy movie about a dark frontier.
72,Furious World 72,Adventure,A adventure movie about a burning world.
73,Crystal Code 73,Horror,A horror movie about a secret legacy.
74,Neon City 74,Crime,A crime movie about a secret garden.
75,Electric City 75,Family,A family movie about a furious city.
76,Eternal Code 76,Action,A action movie about a ancient empire.
77,Infinite Frontier 77,Thriller,A thriller movie about a last storm.
78,Lost Empire 78,Drama,A drama movie about a brave city.
79,Hidden Empire 79,Animation,A animation movie about a silent code.
80,Furious River 80,Thriller,A thriller movie about a dark journey.
81,Burning Frontier 81,Mystery,A mystery movie about a lost world.
82,Midnight Empire 82,Action,A action movie about a furious dream.
83,Brave World 83,Fantasy,A fantasy movie about a eternal garden.
84,Crystal Labyrinth 84,Crime,A crime movie about a ancient river.
85,Crystal Empire 85,Romance,A romance movie about a golden empire.
86,Infinite Journey 86,Drama,A drama movie about a furious signal.
87,Secret Odyssey 87,Animation,A animation movie about a frozen city.
88,Broken Signal 88,Crime,A crime movie about a crystal river.
89,Midnight Planet 89,Horror,A horror movie about a burning empire.
90,Infinite Chronicle 90,Crime,A crime movie about a ancient odyssey.
91,Electric Machine 91,Horror,A horror movie about a brave garden.
92,Last Knight 92,Drama,A drama movie about a ancient city.
93,Ancient World 93,Drama,A drama movie about a furious city.
94,Frozen Labyrinth 94,Comedy,A comedy movie about a hidden rebellion.
95,Burning Rebellion 95,Animation,A animation movie about a frozen planet.
96,Secret Odyssey 96,Horror,A horror movie about a furious machine.
97,Shadow River 97,Mystery,A mystery movie about a lost world.
98,Last City 98,Romance,A romance movie about a ancient rebellion.
99,Eternal Legacy 99,Romance,A romance movie about a last galaxy.
100,Midnight Journey 100,Comedy,A comedy movie about a frozen dream.
101,Hidden Labyrinth 101,Drama,A drama movie about a midnight frontier.
102,Ancient Empire 102,Comedy,A comedy movie about a brave galaxy.
103,Eternal Frontier 103,Family,A family movie about a burning frontier.
104,Ancient Code 104,Animation,A animation movie about a crystal labyrinth.
105,Brave World 105,Comedy,A comedy movie about a furious frontier.
106,Frozen Storm 106,Mystery,A mystery movie about a brave storm.
107,Shadow Chronicle 107,Horror,A horror movie about a lost chronicle.
108,Silent Journey 108,Drama,A drama movie about a infinite chronicle.
109,Shadow Chronicle 109,Family,A family movie about a eternal frontier.
110,Hidden Labyrinth 110,Mystery,A mystery movie about a eternal storm.
111,Infinite Odyssey 111,Romance,A romance movie about a midnight frontier.
112,Dark Garden 112,Fantasy,A fantasy movie about a silent machine.
113,Frozen Labyrinth 113,Comedy,A comedy movie about a golden knight.
114,Neon Planet 114,Romance,A romance movie about a hidden city.
115,Golden Garden 115,Horror,A horror movie about a lost knight.
116,Brave Knight 116,Crime,A crime movie about a brave galaxy.
117,Hidden Frontier 117,Sci-Fi,A sci-fi movie about a brave legacy.
118,Crystal Machine 118,Mystery,A mystery movie about a frozen signal.
119,Brave Galaxy 119,Adventure,A adventure movie about a last storm.
120,Eternal Frontier 120,Comedy,A comedy movie about a electric empire.
121,Ancient Frontier 121,Family,A family movie about a frozen storm.
122,Ancient Legacy 122,Horror,A horror movie about a hidden knight.
123,Last Odyssey 123,Adventure,A adventure movie about a shadow odyssey.
124,Hidden Code 124,Action,A action movie about a silent chronicle.
125,Dark Rebellion 125,Action,A action movie about a burning odyssey.
126,Electric Knight 126,Horror,A horror movie about a furious code.
127,Broken Code 127,Family,A family movie about a frozen legacy.
128,Silent Galaxy 128,Adventure,A adventure movie about a broken empire.
129,Midnight Journey 129,Animation,A animation movie about a neon river.
130,Secret Empire 130,Drama,A drama movie about a golden journey.
131,Dark Knight 131,Romance,A romance movie about a crystal knight.
132,Hidden Empire 132,Drama,A drama movie about a ancient garden.
133,Eternal Frontier 133,Sci-Fi,A sci-fi movie about a silent dream.
134,Secret River 134,Thriller,A thriller movie about a electric dream.
135,Eternal Signal 135,Romance,A romance movie about a secret chronicle.
136,Lost Rebellion 136,Animation,A animation movie about a last storm.
137,Midnight Labyrinth 137,Romance,A romance movie about a lost galaxy.
138,Electric Empire 138,Comedy,A comedy movie about a golden world.
139,Golden Empire 139,Crime,A crime movie about a infinite journey.
140,Silent World 140,Romance,A romance movie about a burning storm.
141,Silent Empire 141,Comedy,A comedy movie about a hidden journey.
142,Infinite Frontier 142,Horror,A horror movie about a secret signal.
143,Midnight Journey 143,Comedy,A comedy movie about a shadow city.
144,Lost Chronicle 144,Horror,A horror movie about a neon journey.
145,Ancient Storm 145,Sci-Fi,A sci-fi movie about a infinite planet.
146,Neon Empire 146,Crime,A crime movie about a golden machine.
147,Shadow Garden 147,Thriller,A thriller movie about a neon empire.
148,Lost River 148,Adventure,A adventure movie about a silent world.
149,Infinite Code 149,Action,A action movie about a crystal chronicle.
150,Midnight Odyssey 150,Sci-Fi,A sci-fi movie about a hidden odyssey.
151,Silent Chronicle 151,Horror,A horror movie about a electric code.
152,Electric World 152,Horror,A horror movie about a dark garden.
153,Lost Galaxy 153,Horror,A horror movie about a crystal river.
154,Brave River 154,Comedy,A comedy movie about a brave city.
155,Furious Machine 155,Animation,A animation movie about a ancient signal.
156,Electric Legacy 156,Family,A family movie about a secret river.
157,Lost Rebellion 157,Comedy,A comedy movie about a neon code.
158,Neon Rebellion 158,Comedy,A comedy movie about a frozen dream.
159,Crystal Garden 159,Sci-Fi,A sci-fi movie about a secret legacy.
160,Midnight Chronicle 160,Thriller,A thriller movie about a broken storm.
161,Infinite Rebellion 161,Adventure,A adventure movie about a broken signal.
162,Neon Garden 162,Thriller,A thriller movie about a ancient machine.
163,Frozen Frontier 163,Horror,A horror movie about a ancient galaxy.
164,Crystal Frontier 164,Comedy,A comedy movie about a secret rebellion.
165,Furious Galaxy 165,Sci-Fi,A sci-fi movie about a shadow chronicle.
166,Eternal Labyrinth 166,Sci-Fi,A sci-fi movie about a frozen rebellion.
167,Crystal Odyssey 167,Animation,A animation movie about a golden signal.
168,Golden World 168,Romance,A romance movie about a frozen world.
169,Golden Chronicle 169,Fantasy,A fantasy movie about a shadow knight.
170,Midnight Empire 170,Sci-Fi,A sci-fi movie about a furious knight.
171,Burning Chronicle 171,Family,A family movie about a burning frontier.
172,Furious Journey 172,Mystery,A mystery movie about a eternal dream.
173,Silent Machine 173,Fantasy,A fantasy movie about a burning planet.
174,Ancient Empire 174,Thriller,A thriller movie about a broken rebellion.
175,Crystal Empire 175,Crime,A crime movie about a burning world.
176,Electric World 176,Horror,A horror movie about a golden code.
177,Dark Legacy 177,Action,A action movie about a lost signal.
178,Burning River 178,Mystery,A mystery movie about a furious storm.
179,Brave Dream 179,Family,A family movie about a electric river.
180,Electric Odyssey 180,Horror,A horror movie about a hidden code.
181,Brave Planet 181,Action,A action movie about a lost chronicle.
182,Ancient Knight 182,Crime,A crime movie about a infinite knight.
183,Frozen Odyssey 183,Action,A action movie about a brave labyrinth.
184,Infinite Rebellion 184,Crime,A crime movie about a furious frontier.
185,Crystal Knight 185,Drama,A drama movie about a silent code.
186,Brave Code 186,Action,A action movie about a brave machine.
187,Crystal Frontier 187,Crime,A crime movie about a shadow galaxy.
188,Eternal Legacy 188,Romance,A romance movie about a eternal knight.
189,Midnight Chronicle 189,Fantasy,A fantasy movie about a frozen journey.
190,Secret World 190,Sci-Fi,A sci-fi movie about a secret machine.
191,Crystal Odyssey 191,Action,A action movie about a furious machine.
192,Brave Frontier 192,Action,A action movie about a burning garden.
193,Crystal Frontier 193,Crime,A crime movie about a shadow world.
194,Midnight Dream 194,Drama,A drama movie about a ancient empire.
195,Frozen Empire 195,Action,A action movie about a dark river.
196,Furious Galaxy 196,Family,A family movie about a furious odyssey.
197,Midnight Garden 197,Fantasy,A fantasy movie about a crystal river.
198,Brave Legacy 198,Crime,A crime movie about a silent empire.
199,Dark Garden 199,Action,A action movie about a eternal empire.
200,Burning Legacy 200,Horror,A horror movie about a furious city.
201,Secret River 201,Drama,A drama movie about a brave knight.
202,Infinite Dream 202,Romance,A romance movie about a infinite machine.
203,Golden Frontier 203,Animation,A animation movie about a last code.
204,Crystal Chronicle 204,Action,A action movie about a silent labyrinth.
205,Shadow Signal 205,Animation,A animation movie about a infinite garden.
206,Broken Legacy 206,Adventure,A adventure movie about a frozen city.
207,Secret Dream 207,Fantasy,A fantasy movie about a burning machine.
208,Neon City 208,Comedy,A comedy movie about a frozen labyrinth.
209,Last Legacy 209,Horror,A horror movie about a lost world.
210,Brave World 210,Thriller,A thriller movie about a infinite empire.
211,Crystal World 211,Fantasy,A fantasy movie about a frozen dream.
212,Shadow Legacy 212,Thriller,A thriller movie about a dark storm.
213,Lost Empire 213,Action,A action movie about a furious odyssey.
214,Shadow Journey 214,Action,A action movie about a brave world.
215,Eternal Code 215,Romance,A romance movie about a midnight city.
216,Eternal Signal 216,Sci-Fi,A sci-fi movie about a infinite odyssey.
217,Golden Legacy 217,Fantasy,A fantasy movie about a midnight signal.
218,Dark Dream 218,Family,A family movie about a ancient knight.
219,Eternal Planet 219,Adventure,A adventure movie about a dark odyssey.
220,Eternal River 220,Thriller,A thriller movie about a golden code.
221,Golden World 221,Crime,A crime movie about a last journey.
222,Hidden Odyssey 222,Romance,A romance movie about a hidden dream.
223,Shadow Storm 223,Mystery,A mystery movie about a dark signal.
224,Midnight Odyssey 224,Fantasy,A fantasy movie about a burning world.
225,Brave Code 225,Thriller,A thriller movie about a electric galaxy.
226,Neon Labyrinth 226,Fantasy,A fantasy movie about a broken garden.
227,Neon Dream 227,Drama,A drama movie about a frozen dream.
228,Shadow Garden 228,Horror,A horror movie about a infinite garden.
229,Electric River 229,Family,A family movie about a brave empire.
230,Broken Signal 230,Comedy,A comedy movie about a furious planet.
231,Lost Chronicle 231,Thriller,A thriller movie about a broken rebellion.
232,Shadow Empire 232,Adventure,A adventure movie about a neon storm.
233,Burning Journey 233,Sci-Fi,A sci-fi movie about a ancient legacy.
234,Silent Storm 234,Action,A action movie about a crystal legacy.
235,Hidden Storm 235,Thriller,A thriller movie about a burning knight.
236,Electric Legacy 236,Comedy,A comedy movie about a silent knight.
237,Burning Frontier 237,Thriller,A thriller movie about a midnight city.
238,Golden Planet 238,Mystery,A mystery movie about a burning frontier.
239,Golden Rebellion 239,Drama,A drama movie about a electric chronicle.
240,Eternal Code 240,Thriller,A thriller movie about a eternal labyrinth.
241,Ancient Empire 241,Comedy,A comedy movie about a furious chronicle.
242,Hidden Planet 242,Animation,A animation movie about a last planet.
243,Ancient City 243,Drama,A drama movie about a broken galaxy.
244,Brave Code 244,Animation,A animation movie about a crystal signal.
245,Golden Garden 245,Mystery,A mystery movie about a dark signal.
246,Broken Signal 246,Animation,A animation movie about a frozen machine.
247,Ancient Frontier 247,Drama,A drama movie about a brave code.
248,Neon Odyssey 248,Drama,A drama movie about a last empire.
249,Eternal Machine 249,Mystery,A mystery movie about a shadow planet.
250,Last Signal 250,Animation,A animation movie about a dark world.
251,Hidden Odyssey 251,Romance,A romance movie about a electric odyssey.
252,Ancient Labyrinth 252,Horror,A horror movie about a midnight world.
253,Electric Garden 253,Crime,A crime movie about a hidden frontier.
254,Crystal World 254,Animation,A animation movie about a brave legacy.
255,Broken Planet 255,Crime,A crime movie about a furious signal.
256,Ancient Empire 256,Action,A action movie about a hidden rebellion.
257,Golden Garden 257,Animation,A animation movie about a dark legacy.
258,Golden Storm 258,Crime,A crime movie about a broken machine.
259,Burning Legacy 259,Comedy,A comedy movie about a broken world.
260,Furious Journey 260,Animation,A animation movie about a ancient signal.
261,Secret Rebellion 261,Thriller,A thriller movie about a broken storm.
262,Lost Legacy 262,Crime,A crime movie about a secret planet.
263,Dark Frontier 263,Animation,A animation movie about a broken garden.
264,Secret Signal 264,Animation,A animation movie about a golden odyssey.
265,Secret Odyssey 265,Mystery,A mystery movie about a silent planet.
266,Frozen Frontier 266,Fantasy,A fantasy movie about a hidden legacy.
267,Silent Odyssey 267,Drama,A drama movie about a brave planet.
268,Dark Legacy 268,Crime,A crime movie about a eternal river.
269,Midnight Knight 269,Adventure,A adventure movie about a lost city.
270,Neon Journey 270,Drama,A drama movie about a shadow river.
271,Secret Knight 271,Action,A action movie about a infinite city.
272,Secret World 272,Romance,A romance movie about a eternal empire.
273,Broken Empire 273,Mystery,A mystery movie about a last odyssey.
274,Shadow Planet 274,Action,A action movie about a hidden journey.
275,Shadow Storm 275,Fantasy,A fantasy movie about a eternal rebellion.
276,Crystal City 276,Comedy,A comedy movie about a dark storm.
277,Ancient Journey 277,Family,A family movie about a ancient chronicle.
278,Hidden Storm 278,Drama,A drama movie about a burning storm.
279,Infinite Odyssey 279,Sci-Fi,A sci-fi movie about a lost code.
280,Furious Frontier 280,Horror,A horror movie about a silent odyssey.
281,Eternal Planet 281,Mystery,A mystery movie about a hidden knight.
282,Neon Labyrinth 282,Horror,A horror movie about a electric empire.
283,Secret Dream 283,Thriller,A thriller movie about a broken chronicle.
284,Neon Garden 284,Adventure,A adventure movie about a secret world.
285,Midnight Empire 285,Animation,A animation movie about a secret dream.
286,Crystal Knight 286,Mystery,A mystery movie about a crystal machine.
287,Hidden Signal 287,Romance,A romance movie about a neon code.
288,Last Labyrinth 288,Comedy,A comedy movie about a brave planet.
289,Broken Machine 289,Drama,A drama movie about a golden frontier.
290,Broken Galaxy 290,Adventure,A adventure movie about a furious river.
291,Secret River 291,Crime,A crime movie about a lost rebellion.
292,Frozen Code 292,Sci-Fi,A sci-fi movie about a furious knight.
293,Dark City 293,Animation,A animation movie about a ancient galaxy.
294,Silent Machine 294,Mystery,A mystery movie about a neon labyrinth.
295,Furious World 295,Action,A action movie about a burning legacy.
296,Frozen Signal 296,Family,A family movie about a frozen knight.
297,Electric Storm 297,Family,A family movie about a infinite frontier.
298,Dark Frontier 298,Drama,A drama movie about a crystal frontier.
299,Crystal Knight 299,Sci-Fi,A sci-fi movie about a dark frontier.
300,Furious Storm 300,Adventure,A adventure movie about a dark garden.
301,Midnight Labyrinth 301,Adventure,A adventure movie about a broken journey.
302,Neon City 302,Action,A action movie about a neon storm.
303,Hidden Signal 303,Thriller,A thriller movie about a electric frontier.
304,Furious Labyrinth 304,Sci-Fi,A sci-fi movie about a secret garden.
305,Shadow Knight 305,Thriller,A thriller movie about a neon journey.
306,Brave Odyssey 306,Action,A action movie about a frozen world.
307,Dark Dream 307,Crime,A crime movie about a neon chronicle.
308,Silent Knight 308,Adventure,A adventure movie about a lost machine.
309,Furious Odyssey 309,Animation,A animation movie about a golden chronicle.
310,Neon Journey 310,Drama,A drama movie about a infinite world.
311,Secret Garden 311,Animation,A animation movie about a broken machine.
312,Silent River 312,Drama,A drama movie about a lost signal.
313,Eternal Machine 313,Action,A action movie about a broken legacy.
314,Silent Chronicle 314,Family,A family movie about a silent journey.
315,Ancient City 315,Drama,A drama movie about a golden planet.
316,Broken World 316,Thriller,A thriller movie about a infinite dream.
317,Last Odyssey 317,Adventure,A adventure movie about a silent dream.
318,Ancient Labyrinth 318,Horror,A horror movie about a hidden river.
319,Frozen River 319,Horror,A horror movie about a infinite legacy.
320,Burning Knight 320,Sci-Fi,A sci-fi movie about a neon garden.
321,Secret Code 321,Drama,A drama movie about a lost labyrinth.
322,Ancient Chronicle 322,Mystery,A mystery movie about a golden chronicle.
323,Midnight City 323,Romance,A romance movie about a midnight dream.
324,Crystal Journey 324,Family,A family movie about a eternal frontier.
325,Hidden Chronicle 325,Action,A action movie about a burning world.
326,Burning Galaxy 326,Comedy,A comedy movie about a furious river.
327,Crystal Machine 327,Horror,A horror movie about a neon machine.
328,Crystal Dream 328,Romance,A romance movie about a midnight labyrinth.
329,Eternal Garden 329,Crime,A crime movie about a neon dream.
330,Dark Rebellion 330,Action,A action movie about a hidden dream.
331,Dark River 331,Crime,A crime movie about a eternal storm.
332,Golden Garden 332,Mystery,A mystery movie about a furious planet.
333,Secret Storm 333,Family,A family movie about a shadow planet.
334,Neon Frontier 334,Family,A family movie about a lost journey.
335,Brave Signal 335,Drama,A drama movie about a secret galaxy.
336,Frozen Journey 336,Animation,A animation movie about a lost world.
337,Frozen Legacy 337,Fantasy,A fantasy movie about a brave frontier.
338,Crystal Garden 338,Horror,A horror movie about a shadow machine.
339,Last Planet 339,Animation,A animation movie about a shadow legacy.
340,Eternal Machine 340,Romance,A romance movie about a brave empire.
341,Last Journey 341,Comedy,A comedy movie about a crystal empire.
342,Broken River 342,Animation,A animation movie about a neon labyrinth.
343,Ancient River 343,Animation,A animation movie about a midnight rebellion.
344,Broken Rebellion 344,Thriller,A thriller movie about a frozen machine.
345,Golden Legacy 345,Crime,A crime movie about a crystal machine.
346,Infinite Knight 346,Drama,A drama movie about a infinite odyssey.
347,Shadow Dream 347,Fantasy,A fantasy movie about a brave journey.
348,Electric Signal 348,Mystery,A mystery movie about a furious legacy.
349,Neon Garden 349,Action,A action movie about a frozen galaxy.
350,Ancient Rebellion 350,Mystery,A mystery movie about a frozen dream.
351,Infinite Code 351,Family,A family movie about a hidden world.
352,Golden Galaxy 352,Romance,A romance movie about a eternal signal.
353,Dark Journey 353,Comedy,A comedy movie about a infinite code.
354,Golden Rebellion 354,Adventure,A adventure movie about a lost world.
355,Shadow Galaxy 355,Romance,A romance movie about a frozen dream.
356,Hidden Galaxy 356,Fantasy,A fantasy movie about a electric world.
357,Furious River 357,Action,A action movie about a frozen river.
358,Lost Labyrinth 358,Sci-Fi,A sci-fi movie about a frozen knight.
359,Brave Chronicle 359,Comedy,A comedy movie about a last dream.
360,Last Dream 360,Thriller,A thriller movie about a eternal dream.
361,Last Galaxy 361,Drama,A drama movie about a lost odyssey.
362,Infinite Galaxy 362,Mystery,A mystery movie about a furious odyssey.
363,Lost City 363,Romance,A romance movie about a shadow odyssey.
364,Frozen Frontier 364,Crime,A crime movie about a broken odyssey.
365,Golden Garden 365,Romance,A romance movie about a golden garden.
366,Silent Garden 366,Comedy,A comedy movie about a furious frontier.
367,Midnight Knight 367,Comedy,A comedy movie about a broken galaxy.
368,Electric Signal 368,Action,A action movie about a hidden garden.
369,Infinite Odyssey 369,Romance,A romance movie about a ancient odyssey.
370,Brave Machine 370,Romance,A romance movie about a silent garden.
371,Dark Chronicle 371,Mystery,A mystery movie about a electric rebellion.
372,Last Odyssey 372,Horror,A horror movie about a infinite odyssey.
373,Neon River 373,Romance,A romance movie about a last signal.
374,Brave Garden 374,Sci-Fi,A sci-fi movie about a brave journey.
375,Brave Galaxy 375,Family,A family movie about a golden planet.
376,Burning Planet 376,Drama,A drama movie about a dark journey.
377,Last River 377,Animation,A animation movie about a dark signal.
378,Furious Rebellion 378,Mystery,A mystery movie about a crystal planet.
379,Shadow Storm 379,Drama,A drama movie about a burning signal.
380,Hidden Labyrinth 380,Action,A action movie about a hidden machine.
381,Hidden Odyssey 381,Action,A action movie about a last legacy.
382,Shadow Chronicle 382,Comedy,A comedy movie about a dark labyrinth.
383,Eternal Signal 383,Drama,A drama movie about a hidden machine.
384,Neon Dream 384,Animation,A animation movie about a last river.
385,Broken Machine 385,Mystery,A mystery movie about a furious labyrinth.
386,Lost Legacy 386,Drama,A drama movie about a last planet.
387,Golden Journey 387,Horror,A horror movie about a furious code.
388,Shadow Rebellion 388,Animation,A animation movie about a electric rebellion.
389,Hidden Galaxy 389,Family,A family movie about a dark rebellion.
390,Eternal City 390,Romance,A romance movie about a golden labyrinth.
391,Frozen Rebellion 391,Adventure,A adventure movie about a infinite signal.
392,Furious Machine 392,Drama,A drama movie about a golden river.
393,Golden Code 393,Fantasy,A fantasy movie about a frozen world.
394,Eternal Chronicle 394,Fantasy,A fantasy movie about a golden code.
395,Crystal Labyrinth 395,Adventure,A adventure movie about a last storm.
396,Ancient Journey 396,Animation,A animation movie about a frozen legacy.
397,Secret City 397,Thriller,A thriller movie about a frozen world.
398,Ancient Labyrinth 398,Horror,A horror movie about a last empire.
399,Brave Dream 399,Drama,A drama movie about a ancient dream.
400,Frozen Labyrinth 400,Thriller,A thriller movie about a eternal frontier.
401,Furious Empire 401,Fantasy,A fantasy movie about a infinite storm.
402,Neon Journey 402,Animation,A animation movie about a furious empire.
403,Burning Code 403,Action,A action movie about a broken empire.
404,Midnight Galaxy 404,Action,A action movie about a midnight knight.
405,Ancient Journey 405,Romance,A romance movie about a neon legacy.
406,Secret Labyrinth 406,Crime,A crime movie about a hidden galaxy.
407,Burning Knight 407,Comedy,A comedy movie about a last legacy.
408,Lost Garden 408,Comedy,A comedy movie about a broken chronicle.
409,Neon Legacy 409,Adventure,A adventure movie about a infinite chronicle.
410,Last Empire 410,Mystery,A mystery movie about a infinite planet.
411,Electric Storm 411,Romance,A romance movie about a furious world.
412,Burning Storm 412,Animation,A animation movie about a golden planet.
413,Lost Frontier 413,Fantasy,A fantasy movie about a furious galaxy.
414,Brave Chronicle 414,Mystery,A mystery movie about a midnight odyssey.
415,Midnight Odyssey 415,Comedy,A comedy movie about a brave frontier.
416,Secret Garden 416,Fantasy,A fantasy movie about a frozen city.
417,Frozen City 417,Romance,A romance movie about a frozen frontier.
418,Infinite Signal 418,Fantasy,A fantasy movie about a shadow legacy.
419,Electric World 419,Animation,A animation movie about a broken frontier.
420,Frozen Odyssey 420,Thriller,A thriller movie about a secret planet.
421,Electric Legacy 421,Sci-Fi,A sci-fi movie about a furious frontier.
422,Midnight Code 422,Adventure,A adventure movie about a brave rebellion.
423,Secret Machine 423,Drama,A drama movie about a electric knight.
424,Infinite Garden 424,Comedy,A comedy movie about a hidden world.
425,Broken Journey 425,Action,A action movie about a frozen journey.
426,Eternal Planet 426,Romance,A romance movie about a infinite storm.
427,Ancient Labyrinth 427,Crime,A crime movie about a broken galaxy.
428,Electric Planet 428,Adventure,A adventure movie about a silent garden.
429,Frozen Machine 429,Mystery,A mystery movie about a electric garden.
430,Electric Code 430,Mystery,A mystery movie about a frozen empire.
431,Hidden Labyrinth 431,Mystery,A mystery movie about a broken code.
432,Broken Storm 432,Fantasy,A fantasy movie about a hidden machine.
433,Silent Garden 433,Animation,A animation movie about a infinite machine.
434,Crystal Frontier 434,Thriller,A thriller movie about a silent labyrinth.
435,Midnight Galaxy 435,Mystery,A mystery movie about a infinite garden.
436,Hidden City 436,Family,A family movie about a broken knight.
437,Furious Journey 437,Sci-Fi,A sci-fi movie about a midnight dream.
438,Furious Legacy 438,Fantasy,A fantasy movie about a golden signal.
439,Dark River 439,Fantasy,A fantasy movie about a infinite storm.
440,Frozen Machine 440,Sci-Fi,A sci-fi movie about a dark odyssey.
441,Furious Legacy 441,Horror,A horror movie about a eternal storm.
442,Shadow Legacy 442,Drama,A drama movie about a hidden machine.
443,Frozen Planet 443,Mystery,A mystery movie about a electric rebellion.
444,Midnight City 444,Animation,A animation movie about a last knight.
445,Lost Empire 445,Mystery,A mystery movie about a lost city.
446,Eternal Planet 446,Action,A action movie about a infinite signal.
447,Electric Garden 447,Action,A action movie about a brave legacy.
448,Last Empire 448,Crime,A crime movie about a broken journey.
449,Electric Knight 449,Fantasy,A fantasy movie about a burning knight.
450,Ancient Garden 450,Sci-Fi,A sci-fi movie about a lost code.
451,Burning Journey 451,Sci-Fi,A sci-fi movie about a electric knight.
452,Infinite Storm 452,Mystery,A mystery movie about a midnight river.
453,Brave World 453,Romance,A romance movie about a dark city.
454,Ancient Rebellion 454,Crime,A crime movie about a last dream.
455,Frozen City 455,Horror,A horror movie about a golden labyrinth.
456,Last Knight 456,Thriller,A thriller movie about a infinite world.
457,Hidden Code 457,Drama,A drama movie about a crystal odyssey.
458,Eternal Labyrinth 458,Crime,A crime movie about a shadow knight.
459,Shadow Garden 459,Family,A family movie about a electric world.
460,Lost Code 460,Mystery,A mystery movie about a eternal planet.
461,Golden Empire 461,Crime,A crime movie about a golden chronicle.
462,Infinite Machine 462,Crime,A crime movie about a midnight chronicle.
463,Lost Labyrinth 463,Adventure,A adventure movie about a neon garden.
464,Crystal Legacy 464,Adventure,A adventure movie about a ancient legacy.
465,Shadow Signal 465,Horror,A horror movie about a hidden journey.
466,Hidden Chronicle 466,Fantasy,A fantasy movie about a lost signal.
467,Neon Labyrinth 467,Thriller,A thriller movie about a frozen machine.
468,Golden Planet 468,Mystery,A mystery movie about a burning machine.
469,Silent Machine 469,Adventure,A adventure movie about a last labyrinth.
470,Last Machine 470,Action,A action movie about a ancient journey.
471,Last Garden 471,Romance,A romance movie about a frozen code.
472,Frozen Signal 472,Sci-Fi,A sci-fi movie about a lost journey.
473,Frozen Odyssey 473,Drama,A drama movie about a broken city.
474,Midnight Rebellion 474,Mystery,A mystery movie about a shadow knight.
475,Silent Dream 475,Comedy,A comedy movie about a infinite dream.
476,Infinite Odyssey 476,Family,A family movie about a furious legacy.
477,Burning Odyssey 477,Drama,A drama movie about a shadow galaxy.
478,Ancient Rebellion 478,Family,A family movie about a broken empire.
479,Infinite Legacy 479,Sci-Fi,A sci-fi movie about a lost chronicle.
480,Last Dream 480,Thriller,A thriller movie about a last odyssey.
481,Midnight Code 481,Mystery,A mystery movie about a furious galaxy.
482,Hidden Empire 482,Thriller,A thriller movie about a silent signal.
483,Hidden River 483,Thriller,A thriller movie about a frozen world.
484,Furious Signal 484,Animation,A animation movie about a broken river.
485,Shadow Galaxy 485,Sci-Fi,A sci-fi movie about a shadow storm.
486,Electric Knight 486,Romance,A romance movie about a infinite frontier.
487,Broken World 487,Animation,A animation movie about a ancient city.
488,Shadow Empire 488,Thriller,A thriller movie about a electric labyrinth.
489,Frozen Knight 489,Drama,A drama movie about a last chronicle.
490,Golden Signal 490,Family,A family movie about a brave river.
491,Hidden Knight 491,Animation,A animation movie about a midnight frontier.
492,Broken Galaxy 492,Action,A action movie about a shadow storm.
493,Brave Labyrinth 493,Sci-Fi,A sci-fi movie about a shadow labyrinth.
494,Neon Journey 494,Crime,A crime movie about a broken river.
495,Electric Legacy 495,Animation,A animation movie about a broken signal.
496,Silent Code 496,Fantasy,A fantasy movie about a eternal world.
497,Electric Knight 497,Fantasy,A fantasy movie about a last river.
498,Ancient Storm 498,Thriller,A thriller movie about a broken odyssey.
499,Infinite Labyrinth 499,Drama,A drama movie about a frozen journey.
500,Brave Planet 500,Horror,A horror movie about a burning machine.
